{
  "checker": {
    "location": "C:\\LeadSquared\\Platform Training\\Module- 1 C# Training\\Project- Module1\\InsuranceCalc\\InsuranceCalc.Backend\\Files\\Check.json"
  },
  "customerDetails": {
    "location": "C:\\LeadSquared\\Platform Training\\Module- 1 C# Training\\Project- Module1\\InsuranceCalc\\InsuranceCalc.UI\\CustomerDetailsFiles\\Details.json"
  },
  "insuranceRules": {
    "location": "C:\\LeadSquared\\Platform Training\\Module- 1 C# Training\\Project- Module1\\InsuranceCalc\\InsuranceCalc.Backend\\Files\\Rules.json"
  },
  "invalidMsg": {
    "location": "C:\\LeadSquared\\Platform Training\\Module- 1 C# Training\\Project- Module1\\InsuranceCalc\\InsuranceCalc.Backend\\Files\\Error.json"
  },
  "showLabelMsg": {
    "location": "C:\\LeadSquared\\Platform Training\\Module- 1 C# Training\\Project- Module1\\InsuranceCalc\\InsuranceCalc.Backend\\Files\\Value.json"
  },
  "welcome": {
    "location": "C:\\LeadSquared\\Platform Training\\Module- 1 C# Training\\Project- Module1\\InsuranceCalc\\InsuranceCalc.Backend\\Files\\HomePage.json"
  }
}