{

  "termSum": {
    "question": "Enter the Sum Assured starting from 50 lakhs to 5 Crores"
  },
  "endowmentSum": {
    "question": "Enter the Sum Assured starting from 5 lakhs to 25 lakhs"
  },
  "age": {
    "question": "Enter your age"
  },
  "smoker": {
    "question": "Select your smoking status?",
    "options": {
      "Press:1.": "If you are Smoker",
      "Press:2.": "If you aren't Smoker"
    }
  },
  "tenure": {
    "question": "Enter duration of insurance"
  },
  "finalPremium": {
    "question": "Premium Amount will be :"
  },
  "term": {
    "question": "Your Term Insurance"
  },
  "endowment": {
    "question": "Your Endowment Insurance"
  }
  
}
