{
  "invalidEndowment": {
    "question": "Invalid Sum!!! Please Enter Amount Range Between 500000 to 2500000"
  },
  "invalidTerm": {
    "question": "Invalid Sum!!! Please Enter value from 5000000 to 50000000"
  },
  "invalidSmokingStatus": {
    "question": "Oops!!! You have entered an invalid key"
  },
  "invalidAge": {
    "question": "Oops!!! Enter the valid age"
  },
  "invalidChoices": {
    "question": "Invalid Choice!!! Please re-enter the valid choice"
  },
  "invalidTenure": {
    "question": "Invalid Tenure!!! Please re-enter the valid Duration of Endowment Insurance"
  }
}