{
  "term": {
    "sumAssured": {
      "minAmount": 5000000,
      "maxAmount": 50000000,
      "steps": 2500000
    },
    "age": [
      {
        "minRange": 20,
        "maxRange": 29,
        "percent": 0.1
      },
      {
        "minRange": 30,
        "maxRange": 39,
        "percent": 0.15
      },
      {
        "minRange": 40,
        "maxRange": 49,
        "percent": 0.2
      },
      {
        "minRange": 50,
        "maxRange": 60,
        "percent": 0.25
      }
    ],
    "smokingStatus": {
      "smoker": 0.05,
      "notSmoker": 0
    },
    "tax": 10
  },
  "endowment": {
    "sumAssured": {
      "minAmount": 500000,
      "maxAmount": 5000000,
      "steps": 500000
    },
    "age": [
      {
        "minRange": 20,
        "maxRange": 29,
        "percent": 40
      },
      {
        "minRange": 30,
        "maxRange": 39,
        "percent": 60
      },
      {
        "minRange": 40,
        "maxRange": 49,
        "percent": 80
      },
      {
        "minRange": 50,
        "maxRange": 60,
        "percent": 100
      }
    ],
    "smokingStatus": {
      "smoker": 5,
      "notSmoker": 0
    },
    "tax": 10
  }
}
