{
  "firstName": {
    "question": "Enter your First Name"
  },
  "lastName": {
    "question": "Enter your Last Name"
  },
  "gender": {
    "question": "Select your Gender?",
    "options": {
      "1.": "Male",
      "2.": "Female",
      "3.": "Others"
    }
  },
  "invalidGenderSelection": {
    "question": "Oops!! You have selected an invalid key"
  },
  "dob": {
    "question": "Enter your Date of Birth in DD-MM-YYYY"
  },
  "adhaar": {
    "question": "Enter your Adhaar Number"
  },
  "pan": {
    "question": "Enter your PAN Number"
  },
  "invalidAdhaar": {
    "question": "Invalid !!!!!  Please enter valid Adhaar Number"
  }

}